Position (mm),Counts
3,134
3.5,189.333333333333
4,240.666666666667
4.5,302.666666666667
5,317.333333333333
5.5,275
6,241
6.5,228.666666666667
7,178.333333333333
7.5,130.666666666667
